Date,Base Interest Rate,Money Supply,Net Lending (Private Sector),Net Lending (Public Sector),Bond Issuance,Bond Repayment,Change in Reserves
01/01/1963,0,13770,0,0,0,0,0
01/04/1963,0,14104,0,0,0,0,0
01/07/1963,0,14351,0,0,0,0,0
01/10/1963,0,14774,0,0,0,0,0
01/01/1964,0,15001,0,0,0,0,0
01/04/1964,0,15326,0,0,0,0,0
01/07/1964,0,15665,0,0,0,0,0
01/10/1964,0,15900,0,0,0,0,0
01/01/1965,0,16138,0,0,0,0,0
01/04/1965,0,16502,0,0,0,0,0
01/07/1965,0,16894,0,0,0,0,0
01/10/1965,0,17397,0,0,0,0,0
01/01/1966,0,17935,0,0,0,0,0
01/04/1966,0,18091,0,0,0,0,0
01/07/1966,0,18380,0,0,0,0,0
01/10/1966,0,18523,0,0,0,0,0
01/01/1967,0,18994,0,0,0,0,0
01/04/1967,0,19565,0,0,0,0,0
01/07/1967,0,20286,0,0,0,0,0
01/10/1967,0,20894,0,0,0,0,0
01/01/1968,0,21345,0,0,0,0,0
01/04/1968,0,21911,0,0,0,0,0
01/07/1968,0,22210,0,0,0,0,0
01/10/1968,0,22666,0,0,0,0,0
01/01/1969,0,23011,0,0,0,0,0
01/04/1969,0,23007,0,0,0,0,0
01/07/1969,0,23374,0,0,0,0,0
01/10/1969,0,23803,0,0,0,0,0
01/01/1970,0,24150,0,0,0,0,0
01/04/1970,0,25024,0,0,0,0,0
01/07/1970,0,25858,0,0,0,0,0
01/10/1970,0,26644,0,0,0,0,0
01/01/1971,0,27651,0,0,0,0,0
01/04/1971,0,28484,0,0,0,0,0
01/07/1971,0,29521,0,0,0,0,0
01/10/1971,0,30983,0,0,0,0,0
01/01/1972,0,33006,0,0,0,0,0
01/04/1972,0,34991,0,0,0,0,0
01/07/1972,0,36400,0,0,0,0,0
01/10/1972,0,38183,0,0,0,0,0
01/01/1973,0,40081,0,0,0,0,0
01/04/1973,0,42139,0,0,0,0,0
01/07/1973,0,44637,0,0,0,0,0
01/10/1973,0,46566,0,0,0,0,0
01/01/1974,0,47867,0,0,0,0,0
01/04/1974,0,48717,0,0,0,0,0
01/07/1974,0,49573,0,0,0,0,0
01/10/1974,0,51654,0,0,0,0,0
01/01/1975,0,53328,0,0,0,0,0
20/01/1975,11.25,0,0,0,0,0,0
27/01/1975,11,0,0,0,0,0,0
10/02/1975,10.75,0,0,0,0,0,0
17/02/1975,10.5,0,0,0,0,0,0
10/03/1975,10.25,0,0,0,0,0,0
24/03/1975,10,0,0,0,0,0,0
01/04/1975,0,54975,0,0,0,0,0
21/04/1975,9.75,0,0,0,0,0,0
05/05/1975,10,0,0,0,0,0,0
01/07/1975,0,56896,0,0,0,0,0
28/07/1975,11,0,0,0,0,0,0
01/10/1975,0,57846,0,0,0,0,0
06/10/1975,12,0,0,0,0,0,0
17/11/1975,11.75,0,0,0,0,0,0
01/12/1975,11.5,0,0,0,0,0,0
29/12/1975,11.25,0,0,0,0,0,0
01/01/1976,0,59604,0,0,0,0,0
05/01/1976,11,0,0,0,0,0,0
19/01/1976,10.75,0,0,0,0,0,0
26/01/1976,10.5,0,0,0,0,0,0
02/02/1976,10,0,0,0,0,0,0
09/02/1976,9.5,0,0,0,0,0,0
01/03/1976,9.25,0,0,0,0,0,0
08/03/1976,9,0,0,0,0,0,0
01/04/1976,0,61471,0,0,0,0,0
26/04/1976,10.5,0,0,0,0,0,0
24/05/1976,11.5,0,0,0,0,0,0
01/07/1976,0,63703,0,0,0,0,0
13/09/1976,13,0,0,0,0,0,0
01/10/1976,0,64444,0,0,0,0,0
07/10/1976,15,0,0,0,0,0,0
22/11/1976,14.75,0,0,0,0,0,0
20/12/1976,14.5,0,0,0,0,0,0
29/12/1976,14.25,0,0,0,0,0,0
01/01/1977,0,65652,0,0,0,0,0
10/01/1977,14,0,0,0,0,0,0
24/01/1977,13.25,0,0,0,0,0,0
31/01/1977,12.25,0,0,0,0,0,0
03/02/1977,12,0,0,0,0,0,0
10/03/1977,11,0,0,0,0,0,0
21/03/1977,10.5,0,0,0,0,0,0
31/03/1977,9.5,0,0,0,0,0,0
01/04/1977,0,68147,0,0,0,0,0
12/04/1977,9.25,0,0,0,0,0,0
18/04/1977,9,0,0,0,0,0,0
25/04/1977,8.75,0,0,0,0,0,0
02/05/1977,8.25,0,0,0,0,0,0
16/05/1977,8,0,0,0,0,0,0
01/07/1977,0,70633,0,0,0,0,0
08/08/1977,7.5,0,0,0,0,0,0
15/08/1977,7,0,0,0,0,0,0
12/09/1977,6.5,0,0,0,0,0,0
19/09/1977,6,0,0,0,0,0,0
01/10/1977,0,74031,0,0,0,0,0
10/10/1977,5.5,0,0,0,0,0,0
17/10/1977,5,0,0,0,0,0,0
28/11/1977,7,0,0,0,0,0,0
01/01/1978,0,77971,0,0,0,0,0
09/01/1978,6.5,0,0,0,0,0,0
01/04/1978,0,79911,0,0,0,0,0
12/04/1978,7.5,0,0,0,0,0,0
08/05/1978,8.75,0,0,0,0,0,0
15/05/1978,9,0,0,0,0,0,0
08/06/1978,10,0,0,0,0,0,0
01/07/1978,0,82283,0,0,0,0,0
01/10/1978,0,85174,0,0,0,0,0
09/11/1978,12.5,0,0,0,0,0,0
01/01/1979,0,87922,0,0,0,0,0
08/02/1979,14,0,0,0,0,0,0
01/03/1979,13,0,0,0,0,0,0
01/04/1979,0,91073,0,0,0,0,0
05/04/1979,12,0,0,0,0,0,0
13/06/1979,14,0,0,0,0,0,0
01/07/1979,0,94300,0,0,0,0,0
01/10/1979,0,97506,0,0,0,0,0
15/11/1979,17,0,0,0,0,0,0
01/01/1980,0,100201,0,0,0,0,0
01/04/1980,0,104853,0,0,0,0,0
01/07/1980,0,109076,0,0,0,0,0
03/07/1980,16,0,0,0,0,0,0
01/10/1980,0,114324,0,0,0,0,0
25/11/1980,14,0,0,0,0,0,0
01/01/1981,0,117566,0,0,0,0,0
11/03/1981,12,0,0,0,0,0,0
01/04/1981,0,122606,0,0,0,0,0
01/07/1981,0,127122,0,0,0,0,0
25/08/1981,12.69,0,0,0,0,0,0
15/09/1981,14,0,0,0,0,0,0
01/10/1981,0,137846,0,0,0,0,0
12/10/1981,15,0,0,0,0,0,0
28/10/1981,15.13,0,0,0,0,0,0
06/11/1981,15.06,0,0,0,0,0,0
09/11/1981,14.63,0,0,0,0,0,0
25/11/1981,14.56,0,0,0,0,0,0
04/12/1981,14.38,0,0,0,0,0,0
01/01/1982,0,141382,0,0,0,0,0
18/01/1982,14.31,0,0,0,0,0,0
19/01/1982,14.25,0,0,0,0,0,0
20/01/1982,14.13,0,0,0,0,0,0
21/01/1982,14,0,0,0,0,0,0
22/01/1982,13.88,0,0,0,0,0,0
22/02/1982,13.81,0,0,0,0,0,0
25/02/1982,13.63,0,0,0,0,0,0
10/03/1982,13.25,0,0,0,0,0,0
01/04/1982,0,145328,0,0,0,0,0
16/04/1982,13.13,0,0,0,0,0,0
19/04/1982,13,0,0,0,0,0,0
20/04/1982,13.13,0,0,0,0,0,0
08/06/1982,12.63,0,0,0,0,0,0
01/07/1982,0,149704,0,0,0,0,0
09/07/1982,12.5,0,0,0,0,0,0
12/07/1982,12.25,0,0,0,0,0,0
13/07/1982,12.13,0,0,0,0,0,0
21/07/1982,12.06,0,0,0,0,0,0
26/07/1982,11.94,0,0,0,0,0,0
28/07/1982,11.81,0,0,0,0,0,0
29/07/1982,11.75,0,0,0,0,0,0
30/07/1982,11.63,0,0,0,0,0,0
02/08/1982,11.56,0,0,0,0,0,0
04/08/1982,11.5,0,0,0,0,0,0
16/08/1982,11.38,0,0,0,0,0,0
17/08/1982,11.25,0,0,0,0,0,0
24/08/1982,11.13,0,0,0,0,0,0
25/08/1982,11,0,0,0,0,0,0
26/08/1982,10.88,0,0,0,0,0,0
27/08/1982,10.63,0,0,0,0,0,0
27/09/1982,10.5,0,0,0,0,0,0
28/09/1982,10.38,0,0,0,0,0,0
29/09/1982,10.25,0,0,0,0,0,0
30/09/1982,10.13,0,0,0,0,0,0
01/10/1982,0,153879,0,0,0,0,0
12/10/1982,9.63,0,0,0,0,0,0
01/11/1982,9.38,0,0,0,0,0,0
02/11/1982,9.13,0,0,0,0,0,0
26/11/1982,10,0,0,0,0,0,0
01/01/1983,0,161313,0,0,0,0,0
12/01/1983,11,0,0,0,0,0,0
15/03/1983,10.56,0,0,0,0,0,0
01/04/1983,0,165964,0,0,0,0,0
13/04/1983,10.31,0,0,0,0,0,0
14/04/1983,10.06,0,0,0,0,0,0
13/06/1983,9.81,0,0,0,0,0,0
14/06/1983,9.56,0,0,0,0,0,0
01/07/1983,0,169482,0,0,0,0,0
09/08/1983,9.44,0,0,0,0,0,0
10/08/1983,9.56,0,0,0,0,0,0
01/10/1983,0,174310,0,0,0,0,0
03/10/1983,9.06,0,0,0,0,0,0
01/01/1984,0,179922,0,0,0,0,0
07/03/1984,8.81,0,0,0,0,0,0
14/03/1984,8.56,0,0,0,0,0,0
01/04/1984,0,186646,0,0,0,0,0
10/05/1984,9.06,0,0,0,0,0,0
29/06/1984,8.88,0,0,0,0,0,0
01/07/1984,0,191704,0,0,0,0,0
06/07/1984,10,0,0,0,0,0,0
11/07/1984,12,0,0,0,0,0,0
08/08/1984,11.5,0,0,0,0,0,0
09/08/1984,11,0,0,0,0,0,0
16/08/1984,10.75,0,0,0,0,0,0
17/08/1984,10.5,0,0,0,0,0,0
01/10/1984,0,198097,0,0,0,0,0
05/11/1984,10,0,0,0,0,0,0
19/11/1984,9.75,0,0,0,0,0,0
23/11/1984,9.5,0,0,0,0,0,0
01/01/1985,0,205108,0,0,0,0,0
14/01/1985,11.88,0,0,0,0,0,0
28/01/1985,13.88,0,0,0,0,0,0
20/03/1985,13.38,0,0,0,0,0,0
28/03/1985,12.88,0,0,0,0,0,0
01/04/1985,0,211075,0,0,0,0,0
19/04/1985,12.38,0,0,0,0,0,0
01/07/1985,0,217683,0,0,0,0,0
11/07/1985,11.88,0,0,0,0,0,0
26/07/1985,11.38,0,0,0,0,0,0
01/10/1985,0,224162,0,0,0,0,0
01/01/1986,0,235349,0,0,0,0,0
15/01/1986,12.38,0,0,0,0,0,0
19/03/1986,11.38,0,0,0,0,0,0
01/04/1986,0,244489,0,0,0,0,0
11/04/1986,10.88,0,0,0,0,0,0
18/04/1986,10.38,0,0,0,0,0,0
23/05/1986,9.88,0,0,0,0,0,0
01/07/1986,0,249523,0,0,0,0,0
01/10/1986,0,257832,0,0,0,0,0
15/10/1986,10.88,0,0,0,0,0,0
01/01/1987,0,271096,0,0,0,0,0
09/03/1987,10.38,0,0,0,0,0,0
18/03/1987,9.88,0,0,0,0,0,0
01/04/1987,0,281364,0,0,0,0,0
28/04/1987,9.38,0,0,0,0,0,0
08/05/1987,8.88,0,0,0,0,0,0
01/07/1987,0,292164,0,0,0,0,0
06/08/1987,9.88,0,0,0,0,0,0
01/10/1987,0,304427,0,0,0,0,0
23/10/1987,9.38,0,0,0,0,0,0
04/11/1987,8.88,0,0,0,0,0,0
03/12/1987,8.38,0,0,0,0,0,0
01/01/1988,0,317195,0,0,0,0,0
01/02/1988,8.88,0,0,0,0,0,0
17/03/1988,8.38,0,0,0,0,0,0
01/04/1988,0,328865,0,0,0,0,0
08/04/1988,7.88,0,0,0,0,0,0
17/05/1988,7.38,0,0,0,0,0,0
03/06/1988,7.88,0,0,0,0,0,0
10/06/1988,8.38,0,0,0,0,0,0
24/06/1988,8.88,0,0,0,0,0,0
01/07/1988,0,345954,0,0,0,0,0
07/07/1988,9.88,0,0,0,0,0,0
21/07/1988,10.38,0,0,0,0,0,0
08/08/1988,10.88,0,0,0,0,0,0
25/08/1988,11.88,0,0,0,0,0,0
01/10/1988,0,357567,0,0,0,0,0
25/11/1988,12.88,0,0,0,0,0,0
01/01/1989,0,371987,0,0,0,0,0
01/04/1989,0,389659,0,0,0,0,0
25/05/1989,13.75,0,0,0,0,0,0
01/07/1989,0,407359,0,0,0,0,0
31/08/1989,13.84,0,0,0,0,0,0
04/09/1989,13.88,0,0,0,0,0,0
08/09/1989,13.75,0,0,0,0,0,0
01/10/1989,0,425779,0,0,0,0,0
06/10/1989,14.88,0,0,0,0,0,0
01/01/1990,0,441418,0,0,0,0,0
01/04/1990,0,457390,79064,28740,0,0,0
01/05/1990,0,0,77663,29731,0,0,0
01/06/1990,0,0,74983,32222,0,0,0
01/07/1990,0,466742,72551,29926,0,0,0
01/08/1990,0,0,72243,30441,0,0,0
01/09/1990,0,0,72175,30804,0,0,0
01/10/1990,0,477198,70496,29587,0,0,0
08/10/1990,13.88,0,0,0,0,0,0
01/11/1990,0,0,72398,31357,0,0,0
01/12/1990,0,0,72721,31352,0,0,0
01/01/1991,0,484099,72581,26100,0,0,0
01/02/1991,0,0,74064,24380,0,0,0
13/02/1991,13.38,0,0,0,0,0,0
27/02/1991,12.88,0,0,0,0,0,0
01/03/1991,0,0,78784,27184,0,0,0
22/03/1991,12.38,0,0,0,0,0,0
01/04/1991,0,492903,79057,28436,0,0,0
12/04/1991,11.88,0,0,0,0,0,0
01/05/1991,0,0,81203,30652,0,0,0
24/05/1991,11.38,0,0,0,0,0,0
01/06/1991,0,0,83807,31613,0,0,0
01/07/1991,0,498419,80524,28037,0,0,0
12/07/1991,10.88,0,0,0,0,0,0
01/08/1991,0,0,80089,29387,0,0,0
01/09/1991,0,0,80669,31613,0,0,0
04/09/1991,10.38,0,0,0,0,0,0
01/10/1991,0,504698,83054,28810,0,0,0
01/11/1991,0,0,85469,28501,0,0,0
01/12/1991,0,0,61700,28775,0,0,0
01/01/1992,0,508818,63020,23782,0,0,0
01/02/1992,0,0,61951,23821,0,0,0
01/03/1992,0,0,62011,28376,0,0,0
01/04/1992,0,514685,60769,27322,0,0,0
01/05/1992,0,0,60122,26455,0,0,0
05/05/1992,9.88,0,0,0,0,0,0
01/06/1992,0,0,57518,28718,0,0,0
01/07/1992,0,519943,55892,27051,0,0,0
01/08/1992,0,0,55769,29346,0,0,0
01/09/1992,0,0,62922,21659,0,0,0
22/09/1992,8.88,0,0,0,0,0,0
01/10/1992,0,518032,70784,23156,0,0,0
16/10/1992,7.88,0,0,0,0,0,0
01/11/1992,0,0,69728,23486,0,0,0
13/11/1992,6.88,0,0,0,0,0,0
01/12/1992,0,0,68656,25968,0,0,0
01/01/1993,0,521760,70907,26328,0,0,0
26/01/1993,5.88,0,0,0,0,0,0
01/02/1993,0,0,73438,25567,0,0,0
01/03/1993,0,0,69211,31563,0,0,0
01/04/1993,0,526367,68276,30243,0,0,0
01/05/1993,0,0,69911,31153,0,0,0
01/06/1993,0,0,71539,31708,0,0,0
01/07/1993,0,532837,69044,31636,0,0,0
01/08/1993,0,0,70895,32091,0,0,0
01/09/1993,0,0,72733,32580,0,0,0
01/10/1993,0,543357,72410,33926,0,0,0
01/11/1993,0,0,75546,34484,0,0,0
23/11/1993,5.38,0,0,0,0,0,0
01/12/1993,0,0,75902,34392,0,0,0
01/01/1994,0,551711,78807,34379,0,0,0
01/02/1994,0,0,82169,33761,0,0,0
08/02/1994,5.13,0,0,0,0,0,0
01/03/1994,0,0,80098,40568,0,0,0
01/04/1994,0,554850,75500,40910,0,0,0
01/05/1994,0,0,78752,44627,0,0,0
01/06/1994,0,0,78949,45660,0,0,0
01/07/1994,0,560000,78587,44895,0,0,0
01/08/1994,0,0,76702,45753,0,0,0
01/09/1994,0,0,78140,47888,0,0,0
12/09/1994,5.63,0,0,0,0,0,0
01/10/1994,0,566622,77098,43713,0,0,0
01/11/1994,0,0,81727,46518,0,0,0
01/12/1994,0,0,82201,46514,0,0,0
07/12/1994,6.13,0,0,0,0,0,0
01/01/1995,0,578925,81925,42200,0,0,0
01/02/1995,0,0,81853,46012,0,0,0
02/02/1995,6.63,0,0,0,0,0,0
01/03/1995,0,0,88280,52325,0,0,0
01/04/1995,0,590985,86599,52468,0,0,0
01/05/1995,0,0,88651,56477,0,0,0
01/06/1995,0,0,87704,58022,0,0,0
01/07/1995,0,606103,84943,56540,0,0,0
01/08/1995,0,0,89486,59785,0,0,0
01/09/1995,0,0,87787,61256,0,0,0
01/10/1995,0,622488,84465,55459,0,0,0
01/11/1995,0,0,88696,59946,0,0,0
01/12/1995,0,0,108932,55734,0,0,0
13/12/1995,6.38,0,0,0,0,0,0
01/01/1996,0,634992,120014,50469,0,0,0
18/01/1996,6.13,0,0,0,0,0,0
01/02/1996,0,0,118664,51079,0,0,0
01/03/1996,0,0,116998,58136,0,0,0
08/03/1996,5.94,0,0,0,0,0,0
01/04/1996,0,649583,121547,54238,0,0,0
01/05/1996,0,0,124026,55630,0,0,0
01/06/1996,0,0,126290,56569,0,0,0
06/06/1996,5.69,0,0,0,0,0,0
01/07/1996,0,667896,134081,49903,0,0,0
01/08/1996,0,0,130940,52395,0,0,0
01/09/1996,0,0,128251,53586,0,0,0
01/10/1996,0,681529,127503,44691,0,0,0
30/10/1996,5.94,0,0,0,0,0,0
01/11/1996,0,0,134494,49052,0,0,0
01/12/1996,0,0,133272,49958,0,0,0
01/01/1997,0,708679,141142,39942,0,0,0
01/02/1997,0,0,138607,42496,0,0,0
01/03/1997,0,0,143432,48071,0,0,0
01/04/1997,0,724651,140365,44595,0,0,0
01/05/1997,0,0,140068,47801,0,0,0
06/05/1997,6.25,0,0,0,0,0,0
01/06/1997,0,0,137569,48985,0,0,0
06/06/1997,6.5,0,0,0,0,0,0
01/07/1997,0,707399,144370,46121,0,0,0
10/07/1997,6.75,0,0,0,0,0,0
01/08/1997,0,0,150535,48246,0,0,0
07/08/1997,7,0,0,0,0,0,0
01/09/1997,0,0,140119,49060,0,0,0
01/10/1997,0,719860,144558,40344,0,0,0
01/11/1997,0,0,142100,44575,0,0,0
06/11/1997,7.25,0,0,0,0,0,0
01/12/1997,0,0,138143,43205,0,0,0
01/01/1998,0,739512,140903,31939,0,0,0
01/02/1998,0,0,140364,26615,0,0,0
01/03/1998,0,0,140170,34232,0,0,0
01/04/1998,0,752364,133469,32435,0,0,0
01/05/1998,0,0,141626,34143,0,0,0
01/06/1998,0,0,140332,41805,0,0,0
04/06/1998,7.5,0,0,0,0,0,0
01/07/1998,0,771936,141393,35047,0,0,0
01/08/1998,0,0,137937,35946,0,0,0
01/09/1998,0,0,143213,41296,0,0,0
01/10/1998,0,781139,134919,31559,0,0,0
08/10/1998,7.25,0,0,0,0,0,0
01/11/1998,0,0,133747,31870,0,0,0
05/11/1998,6.75,0,0,0,0,0,0
01/12/1998,0,0,130177,35062,0,0,0
10/12/1998,6.25,0,0,0,0,0,0
01/01/1999,0,789379,125017,25981,0,0,0
07/01/1999,6,0,0,0,0,0,0
01/02/1999,0,0,127158,24437,0,0,0
04/02/1999,5.5,0,0,0,0,0,0
01/03/1999,0,0,128542,31890,0,0,0
01/04/1999,0,796147,125093,29963,0,0,0
08/04/1999,5.25,0,0,0,0,0,0
01/05/1999,0,0,129237,29574,0,0,0
01/06/1999,0,0,135527,31873,0,0,0
10/06/1999,5,0,0,0,0,0,0
01/07/1999,0,796012,131916,30951,0,0,0
01/08/1999,0,0,135386,34216,0,0,0
01/09/1999,0,0,133994,34570,0,0,0
08/09/1999,5.25,0,0,0,0,0,0
01/10/1999,0,813224,128893,25051,0,0,0
01/11/1999,0,0,148731,28369,0,0,0
04/11/1999,5.5,0,0,0,0,0,0
01/12/1999,0,0,128854,36826,0,0,0
01/01/2000,0,831217,133962,20881,0,0,0
13/01/2000,5.75,0,0,0,0,0,0
01/02/2000,0,0,143196,19786,0,0,0
10/02/2000,6,0,0,0,0,0,0
01/03/2000,0,0,156604,30483,0,0,0
01/04/2000,0,850192,150491,30497,0,0,0
01/05/2000,0,0,168321,27046,0,0,0
01/06/2000,0,0,168279,34507,0,0,0
01/07/2000,0,867428,161758,30280,0,0,0
01/08/2000,0,0,160672,33490,0,0,0
01/09/2000,0,0,163981,28919,0,0,0
01/10/2000,0,881561,165575,28239,0,0,0
01/11/2000,0,0,177881,31160,0,0,0
01/12/2000,0,0,180138,32306,0,0,0
01/01/2001,0,900263,187680,26477,0,0,0
01/02/2001,0,0,188294,23234,0,0,0
08/02/2001,5.75,0,0,0,0,0,0
01/03/2001,0,0,196642,27139,0,0,0
01/04/2001,0,915148,196778,23972,0,0,0
05/04/2001,5.5,0,0,0,0,0,0
01/05/2001,0,0,203316,25437,0,0,0
10/05/2001,5.25,0,0,0,0,0,0
01/06/2001,0,0,197918,28225,0,0,0
01/07/2001,0,938015,199036,26439,0,0,0
01/08/2001,0,0,191482,26779,0,0,0
02/08/2001,5,0,0,0,0,0,0
01/09/2001,0,0,198188,30376,0,0,0
18/09/2001,4.75,0,0,0,0,0,0
01/10/2001,0,940114,209545,31028,0,0,0
04/10/2001,4.5,0,0,0,0,0,0
01/11/2001,0,0,212275,31617,0,0,0
08/11/2001,4,0,0,0,0,0,0
01/12/2001,0,0,212824,32322,0,0,0
01/01/2002,0,949334,216166,28920,0,0,0
01/02/2002,0,0,225531,27836,0,0,0
01/03/2002,0,0,219418,31580,0,0,0
01/04/2002,0,969550,230223,31341,0,0,0
01/05/2002,0,0,248479,34612,0,0,0
01/06/2002,0,0,235667,33951,0,0,0
01/07/2002,0,991418,221197,31033,0,0,0
01/08/2002,0,0,226578,30169,0,0,0
01/09/2002,0,0,219924,34713,0,0,0
01/10/2002,0,1005807,221466,34155,0,0,0
01/11/2002,0,0,227161,33787,0,0,0
01/12/2002,0,0,227431,40485,0,0,0
01/01/2003,0,1017622,226247,32878,0,0,0
01/02/2003,0,0,240437,31871,0,0,0
06/02/2003,3.75,0,0,0,0,0,0
01/03/2003,0,0,244553,34970,53933,15060,0
01/04/2003,0,1043320,250454,33031,0,0,0
01/05/2003,0,0,239293,36212,0,0,0
01/06/2003,0,0,242772,39737,55366,19031,0
01/07/2003,0,1052959,257458,35650,0,0,0
10/07/2003,3.5,0,0,0,0,0,0
01/08/2003,0,0,252841,31386,0,0,0
01/09/2003,0,0,254855,33886,57411,-7392,0
01/10/2003,0,1077573,241903,33511,0,0,0
01/11/2003,0,0,245558,36701,0,0,0
06/11/2003,3.75,0,0,0,0,0,0
01/12/2003,0,0,261333,35904,74877,-2165,0
01/01/2004,0,1099149,294238,34442,0,0,0
01/02/2004,0,0,279277,29288,0,0,0
05/02/2004,4,0,0,0,0,0,0
01/03/2004,0,0,291826,27965,55011,15250,0
01/04/2004,0,1127853,298381,25392,0,0,0
01/05/2004,0,0,287118,29394,0,0,0
06/05/2004,4.25,0,0,0,0,0,0
01/06/2004,0,0,288014,34889,69933,7028,0
10/06/2004,4.5,0,0,0,0,0,0
01/07/2004,0,1149453,263557,27710,0,0,0
01/08/2004,0,0,279387,27029,0,0,0
05/08/2004,4.75,0,0,0,0,0,0
01/09/2004,0,0,292306,28626,80218,-8382,0
01/10/2004,0,1173596,293121,25824,0,0,0
01/11/2004,0,0,299180,35548,0,0,0
01/12/2004,0,0,294604,45386,69548,18409,0
01/01/2005,0,1212719,304698,33323,0,0,0
01/02/2005,0,0,305025,30357,0,0,0
01/03/2005,0,0,315862,31287,69916,-6316,0
01/04/2005,0,1243616,319927,31534,0,0,0
01/05/2005,0,0,323737,34880,0,0,0
01/06/2005,0,0,322339,38802,72667,-11318,0
01/07/2005,0,1277448,338771,32304,0,0,0
01/08/2005,0,0,330814,32740,0,0,0
04/08/2005,4.5,0,0,0,0,0,0
01/09/2005,0,0,323762,36692,63756,34522,0
01/10/2005,0,1322099,332933,36849,0,0,0
01/11/2005,0,0,344601,38816,0,0,0
01/12/2005,0,0,347299,45225,57347,12323,0
01/01/2006,0,1361195,355698,37676,0,0,0
01/02/2006,0,0,362957,29580,0,0,0
01/03/2006,0,0,399366,32070,53003,11684,0
01/04/2006,0,1411775,395301,34480,0,0,0
01/05/2006,0,0,404359,38212,0,0,0
01/06/2006,0,0,382971,37213,57829,13460,-2319
01/07/2006,0,1460786,362468,34387,0,0,0
01/08/2006,0,0,365711,31750,0,0,0
03/08/2006,4.75,0,0,0,0,0,0
01/09/2006,0,0,374324,36352,59276,18649,-3438
01/10/2006,0,1492705,388564,34695,0,0,0
01/11/2006,0,0,397083,36069,0,0,0
09/11/2006,5,0,0,0,0,0,0
01/12/2006,0,0,400330,35213,44309,2226,1554
01/01/2007,0,1537548,406384,20805,0,0,0
11/01/2007,5.25,0,0,0,0,0,0
01/02/2007,0,0,445167,19042,0,0,0
01/03/2007,0,0,449149,21314,45130,14429,-2518
01/04/2007,0,1591047,470741,21005,0,0,0
01/05/2007,0,0,473131,23449,0,0,0
10/05/2007,5.5,0,0,0,0,0,0
01/06/2007,0,0,458994,25465,31370,24799,253
01/07/2007,0,1647870,471393,23003,0,0,0
05/07/2007,5.75,0,0,0,0,0,0
01/08/2007,0,0,474759,24137,0,0,0
01/09/2007,0,0,479624,22332,57611,17252,6721
01/10/2007,0,1669733,492814,27337,0,0,0
01/11/2007,0,0,513208,32055,0,0,0
01/12/2007,0,0,524617,31027,49694,23316,-792
06/12/2007,5.5,0,0,0,0,0,0
01/01/2008,0,1712533,561765,24035,0,0,0
01/02/2008,0,0,569014,25338,0,0,0
07/02/2008,5.25,0,0,0,0,0,0
01/03/2008,0,0,616346,25635,57605,10907,1820
01/04/2008,0,1760041,579344,24035,0,0,0
10/04/2008,5,0,0,0,0,0,0
01/05/2008,0,0,571168,22820,0,0,0
01/06/2008,0,0,553379,15538,52369,15507,2631
01/07/2008,0,1825935,541281,16949,0,0,0
01/08/2008,0,0,595065,30464,0,0,0
01/09/2008,0,0,574484,45377,57860,17818,7990
01/10/2008,0,1933942,602874,45620,0,0,0
08/10/2008,4.5,0,0,0,0,0,0
01/11/2008,0,0,640998,59887,0,0,0
06/11/2008,3,0,0,0,0,0,0
01/12/2008,0,0,660761,61665,67950,-7731,6789
04/12/2008,2,0,0,0,0,0,0
01/01/2009,0,2004805,614368,72085,0,0,0
08/01/2009,1.5,0,0,0,0,0,0
01/02/2009,0,0,617694,63902,0,0,0
05/02/2009,1,0,0,0,0,0,0
01/03/2009,0,0,594568,78458,66156,-15925,-2340
05/03/2009,0.5,0,0,0,0,0,0
01/04/2009,0,1979300,594461,107161,0,0,0
01/05/2009,0,0,566825,124645,0,0,0
01/06/2009,0,0,522109,155617,61257,-5671,84625
01/07/2009,0,2010935,526734,182435,0,0,0
01/08/2009,0,0,524819,196581,0,0,0
01/09/2009,0,0,516272,220963,48294,10283,11999
01/10/2009,0,2043196,514273,236762,0,0,0
01/11/2009,0,0,541871,255336,0,0,0
01/12/2009,0,0,527229,261283,54255,9602,8448
01/01/2010,0,2225297,532984,275412,0,0,0
01/02/2010,0,0,553596,274821,0,0,0
01/03/2010,0,0,570374,276384,84856,-32109,6445
01/04/2010,0,2207319,586037,285574,0,0,0
01/05/2010,0,0,598227,292581,0,0,0
01/06/2010,0,0,528621,300403,39559,8880,-2538
01/07/2010,0,2183300,521701,305665,0,0,0
01/08/2010,0,0,536932,315125,0,0,0
01/09/2010,0,0,547582,308718,47884,13175,-5357
01/10/2010,0,2155083,548006,304907,0,0,0
01/11/2010,0,0,534714,311904,0,0,0
01/12/2010,0,0,535906,310029,83203,-28235,-4426
01/01/2011,0,2168316,529493,317443,0,0,0
01/02/2011,0,0,511302,323826,0,0,0
01/03/2011,0,0,528002,318831,58728,-381,-4533
01/04/2011,0,2161649,532953,331337,0,0,0
01/05/2011,0,0,536513,343137,0,0,0
01/06/2011,0,0,527026,348085,46727,7428,-6517
01/07/2011,0,2132483,493724,358016,0,0,0
01/08/2011,0,0,536894,356263,0,0,0
01/09/2011,0,0,506106,364930,52885,14467,-4173
01/10/2011,0,2086620,506125,386026,0,0,0
01/11/2011,0,0,496228,407738,0,0,0
01/12/2011,0,0,471113,416235,52598,-11781,39175
01/01/2012,0,2072318,480348,428069,0,0,0
01/02/2012,0,0,482200,436085,0,0,0
01/03/2012,0,0,481954,451738,43238,8647,38368
01/04/2012,0,2069623,482798,461220,0,0,0
01/05/2012,0,0,487611,493628,0,0,0
01/06/2012,0,0,460883,484630,52117,-21760,25934
01/07/2012,0,2080057,463845,499760,0,0,0
01/08/2012,0,0,444077,505427,0,0,0
01/09/2012,0,0,449429,509758,61994,-7247,34087
01/10/2012,0,2090210,428885,517870,0,0,0
01/11/2012,0,0,441847,523165,0,0,0
01/12/2012,0,0,445884,507095,74829,-33169,13391
01/01/2013,0,2096071,475784,508994,0,0,0
01/02/2013,0,0,492967,511285,0,0,0
01/03/2013,0,0,498336,518767,51165,5794,3009
01/04/2013,0,2097970,504284,521185,0,0,0
01/05/2013,0,0,528626,514219,0,0,0
01/06/2013,0,0,491163,506066,51875,-15708,11046
01/07/2013,0,2144180,473792,514640,0,0,0
01/08/2013,0,0,466072,507724,0,0,0
01/09/2013,0,0,446532,509607,107862,-48235,5364
01/10/2013,0,2104825,449288,520998,0,0,0
01/11/2013,0,0,445891,520574,0,0,0
01/12/2013,0,0,433801,511124,107921,-22007,3724
01/01/2014,0,2115609,437772,525064,0,0,0
01/02/2014,0,0,426854,528237,0,0,0
01/03/2014,0,0,408748,518216,132503,-71205,1513
01/04/2014,0,2111754,422315,521226,0,0,0
01/05/2014,0,0,419462,524329,0,0,0
01/06/2014,0,0,394052,519083,52431,-4348,3764
01/07/2014,0,2111432,388176,523720,0,0,0
01/08/2014,0,0,385850,541362,0,0,0
01/09/2014,0,0,393276,522059,100329,-17748,-11673
01/10/2014,0,2103454,383787,545343,0,0,0
01/11/2014,0,0,396103,566457,0,0,0
01/12/2014,0,0,363262,568363,65868,18806,8155
01/01/2015,0,2110567,377258,584054,0,0,0
01/02/2015,0,0,377525,556720,0,0,0
01/03/2015,0,0,382389,557516,107134,-21811,4525
01/04/2015,0,2111099,389311,549464,0,0,0
01/05/2015,0,0,363496,555383,0,0,0
01/06/2015,0,0,361946,547414,53823,25245,10413
01/07/2015,0,2099304,351619,561216,0,0,0
01/08/2015,0,0,361806,571617,0,0,0
01/09/2015,0,0,361449,566370,79330,-22161,-6898
01/10/2015,0,2115160,353543,564345,0,0,0
01/11/2015,0,0,349750,572646,0,0,0
01/12/2015,0,0,340677,557816,51387,26927,-2769
01/01/2016,0,2134784,362822,570313,0,0,0
01/02/2016,0,0,389047,583284,0,0,0
01/03/2016,0,0,370327,576639,64333,25738,8243
01/04/2016,0,2188885,377230,573771,0,0,0
01/05/2016,0,0,373330,577827,0,0,0
01/06/2016,0,0,410067,600650,66631,29794,2032
01/07/2016,0,2228792,407885,614288,0,0,0
01/08/2016,0,0,408933,643532,0,0,0
04/08/2016,0.25,0,0,0,0,0,0
01/09/2016,0,0,392415,632388,72341,42776,4802
01/10/2016,0,2246155,402457,629874,0,0,0
01/11/2016,0,0,407787,632416,0,0,0
01/12/2016,0,0,376879,642309,79672,26519,46609
01/01/2017,0,2292226,398354,627113,0,0,0
01/02/2017,0,0,431590,646714,0,0,0
01/03/2017,0,0,420058,650434,56941,178747,47516
01/04/2017,0,2313614,424086,650793,0,0,0
01/05/2017,0,0,425124,654456,0,0,0
01/06/2017,0,0,420054,643502,54998,88213,24923
01/07/2017,0,2355565,420321,679171,0,0,0
01/08/2017,0,0,424851,682373,0,0,0
01/09/2017,0,0,399063,668887,51586,98077,1336
01/10/2017,0,2355063,408236,674514,0,0,0
01/11/2017,0,0,413377,665800,0,0,0
02/11/2017,0.5,0,0,0,0,0,0
01/12/2017,0,0,392897,666148,53676,-3186,20153
01/01/2018,0,2358891,423546,659176,0,0,0
01/02/2018,0,0,425112,664139,0,0,0
01/03/2018,0,0,403159,664056,48004,31612,15802
01/04/2018,0,2374782,409943,633242,0,0,0
01/05/2018,0,0,435798,646716,0,0,0
01/06/2018,0,0,413409,641065,32923,30359,11683
01/07/2018,0,2383020,408352,632783,0,0,0
01/08/2018,0,0,419235,635970,0,0,0
02/08/2018,0.75,0,0,0,0,0,0
01/09/2018,0,0,410656,620441,37464,55329,-222
01/10/2018,0,2410983,409487,616232,0,0,0
01/11/2018,0,0,435810,612836,0,0,0
01/12/2018,0,0,426034,612932,44428,44201,-2967
01/01/2019,0,2416798,425016,621699,0,0,0
01/02/2019,0,0,387519,620281,0,0,0
01/03/2019,0,0,382601,619791,36263,60091,-10733
01/04/2019,0,2430892,392950,618964,0,0,0
01/05/2019,0,0,404974,628633,0,0,0
01/06/2019,0,0,402120,629988,31214,44821,14692
01/07/2019,0,2475069,411973,636229,0,0,0
01/08/2019,0,0,422221,654363,0,0,0
01/09/2019,0,0,413484,654206,28036,30105,-18515
01/10/2019,0,2501868,391068,659261,0,0,0
01/11/2019,0,0,400703,652742,0,0,0
01/12/2019,0,0,385135,633132,38318,32969,7606
01/01/2020,0,2617520,400358,656793,0,0,0
01/02/2020,0,0,419013,656652,0,0,0
01/03/2020,0,0,467442,673408,23742,38047,-9781
11/03/2020,0.25,0,0,0,0,0,0
19/03/2020,0.1,0,0,0,0,0,0
01/04/2020,0,2752659,445819,762388,0,0,0
01/05/2020,0,0,458230,834198,0,0,0
01/06/2020,0,0,448702,862793,24970,16711,211521
01/07/2020,0,2782782,436097,891937,0,0,0
01/08/2020,0,0,436499,888899,0,0,0
01/09/2020,0,0,455328,902182,24101,26935,45233
01/10/2020,0,2811455,434150,910654,0,0,0
01/11/2020,0,0,443305,921865,0,0,0
01/12/2020,0,0,437366,934172,23295,38856,44026
01/01/2021,0,2872732,429636,922275,0,0,0
01/02/2021,0,0,435720,900300,0,0,0
01/03/2021,0,0,432357,915431,26254,25199,29059
01/04/2021,0,2916713,426495,937523,0,0,0
01/05/2021,0,0,424032,957802,0,0,0
01/06/2021,0,0,417360,960297,21378,21992,29498
01/07/2021,0,2950237,422894,993209,0,0,0
01/08/2021,0,0,442321,997561,0,0,0
01/09/2021,0,0,471252,961565,14012,27368,25274
01/10/2021,0,2988840,471801,994901,0,0,0
01/11/2021,0,0,475378,1037813,0,0,0
01/12/2021,0,0,461781,1015102,27926,23048,116817
16/12/2021,0.25,0,0,0,0,0,0
01/01/2022,0,3028166,468976,986493,0,0,0
01/02/2022,0,0,479860,974024,0,0,0
03/02/2022,0.5,0,0,0,0,0,0
01/03/2022,0,0,468337,925937,12322,30282,-18341
17/03/2022,0.75,0,0,0,0,0,0
01/04/2022,0,3035598,481616,907017,0,0,0
01/05/2022,0,0,472158,884534,0,0,0
05/05/2022,1,0,0,0,0,0,0
01/06/2022,0,0,505164,865206,18865,22015,-499
16/06/2022,1.25,0,0,0,0,0,0
01/07/2022,0,3112830,481616,881166,0,0,0
01/08/2022,0,0,511965,822553,0,0,0
04/08/2022,1.75,0,0,0,0,0,0
01/09/2022,0,0,551506,751345,12665,21146,-8406
22/09/2022,2.25,0,0,0,0,0,0
01/10/2022,0,0,532681,798458,0,0,0
01/11/2022,0,0,525258,801192,0,0,0
03/11/2022,3,0,0,0,0,0,0
01/12/2022,0,0,524682,756716,15085,20214,-7646
15/12/2022,3.5,0,0,0,0,0,0
02/02/2023,4,0,0,0,0,0,0
01/01/1955,0,0,0,0,0,0,0
01/04/1955,0,0,0,0,0,0,0
01/07/1955,0,0,0,0,0,0,0
01/10/1955,0,0,0,0,0,0,0
01/01/1956,0,0,0,0,0,0,0
01/04/1956,0,0,0,0,0,0,0
01/07/1956,0,0,0,0,0,0,0
01/10/1956,0,0,0,0,0,0,0
01/01/1957,0,0,0,0,0,0,0
01/04/1957,0,0,0,0,0,0,0
01/07/1957,0,0,0,0,0,0,0
01/10/1957,0,0,0,0,0,0,0
01/01/1958,0,0,0,0,0,0,0
01/04/1958,0,0,0,0,0,0,0
01/07/1958,0,0,0,0,0,0,0
01/10/1958,0,0,0,0,0,0,0
01/01/1959,0,0,0,0,0,0,0
01/04/1959,0,0,0,0,0,0,0
01/07/1959,0,0,0,0,0,0,0
01/10/1959,0,0,0,0,0,0,0
01/01/1960,0,0,0,0,0,0,0
01/04/1960,0,0,0,0,0,0,0
01/07/1960,0,0,0,0,0,0,0
01/10/1960,0,0,0,0,0,0,0
01/01/1961,0,0,0,0,0,0,0
01/04/1961,0,0,0,0,0,0,0
01/07/1961,0,0,0,0,0,0,0
01/10/1961,0,0,0,0,0,0,0
01/01/1962,0,0,0,0,0,0,0
01/04/1962,0,0,0,0,0,0,0
01/07/1962,0,0,0,0,0,0,0
01/10/1962,0,0,0,0,0,0,0
01/03/1971,0,0,0,0,0,0,0
01/05/1971,0,0,0,0,0,0,0
01/06/1971,0,0,0,0,0,0,0
01/08/1971,0,0,0,0,0,0,0
01/09/1971,0,0,0,0,0,0,0
01/11/1971,0,0,0,0,0,0,0
01/12/1971,0,0,0,0,0,0,0
01/02/1972,0,0,0,0,0,0,0
01/03/1972,0,0,0,0,0,0,0
01/05/1972,0,0,0,0,0,0,0
01/06/1972,0,0,0,0,0,0,0
01/08/1972,0,0,0,0,0,0,0
01/09/1972,0,0,0,0,0,0,0
01/11/1972,0,0,0,0,0,0,0
01/12/1972,0,0,0,0,0,0,0
01/02/1973,0,0,0,0,0,0,0
01/03/1973,0,0,0,0,0,0,0
01/05/1973,0,0,0,0,0,0,0
01/06/1973,0,0,0,0,0,0,0
01/08/1973,0,0,0,0,0,0,0
01/09/1973,0,0,0,0,0,0,0
01/11/1973,0,0,0,0,0,0,0
01/12/1973,0,0,0,0,0,0,0
01/02/1974,0,0,0,0,0,0,0
01/03/1974,0,0,0,0,0,0,0
01/05/1974,0,0,0,0,0,0,0
01/06/1974,0,0,0,0,0,0,0
01/08/1974,0,0,0,0,0,0,0
01/09/1974,0,0,0,0,0,0,0
01/11/1974,0,0,0,0,0,0,0
01/12/1974,0,0,0,0,0,0,0
01/02/1975,0,0,0,0,0,0,0
01/03/1975,0,0,0,0,0,0,0
01/05/1975,0,0,0,0,0,0,0
01/06/1975,0,0,0,0,0,0,0
01/08/1975,0,0,0,0,0,0,0
01/09/1975,0,0,0,0,0,0,0
01/11/1975,0,0,0,0,0,0,0
01/02/1976,0,0,0,0,0,0,0
01/05/1976,0,0,0,0,0,0,0
01/06/1976,0,0,0,0,0,0,0
01/08/1976,0,0,0,0,0,0,0
01/09/1976,0,0,0,0,0,0,0
01/11/1976,0,0,0,0,0,0,0
01/12/1976,0,0,0,0,0,0,0
01/02/1977,0,0,0,0,0,0,0
01/03/1977,0,0,0,0,0,0,0
01/05/1977,0,0,0,0,0,0,0
01/06/1977,0,0,0,0,0,0,0
01/08/1977,0,0,0,0,0,0,0
01/09/1977,0,0,0,0,0,0,0
01/11/1977,0,0,0,0,0,0,0
01/12/1977,0,0,0,0,0,0,0
01/02/1978,0,0,0,0,0,0,0
01/03/1978,0,0,0,0,0,0,0
01/05/1978,0,0,0,0,0,0,0
01/06/1978,0,0,0,0,0,0,0
01/08/1978,0,0,0,0,0,0,0
01/09/1978,0,0,0,0,0,0,0
01/11/1978,0,0,0,0,0,0,0
01/12/1978,0,0,0,0,0,0,0
01/02/1979,0,0,0,0,0,0,0
01/05/1979,0,0,0,0,0,0,0
01/06/1979,0,0,0,0,0,0,0
01/08/1979,0,0,0,0,0,0,0
01/09/1979,0,0,0,0,0,0,0
01/11/1979,0,0,0,0,0,0,0
01/12/1979,0,0,0,0,0,0,0
01/02/1980,0,0,0,0,0,0,0
01/03/1980,0,0,0,0,0,0,0
01/05/1980,0,0,0,0,0,0,0
01/06/1980,0,0,0,0,0,0,0
01/08/1980,0,0,0,0,0,0,0
01/09/1980,0,0,0,0,0,0,0
01/11/1980,0,0,0,0,0,0,0
01/12/1980,0,0,0,0,0,0,0
01/02/1981,0,0,0,0,0,0,0
01/03/1981,0,0,0,0,0,0,0
01/05/1981,0,0,0,0,0,0,0
01/06/1981,0,0,0,0,0,0,0
01/08/1981,0,0,0,0,0,0,0
01/09/1981,0,0,0,0,0,0,0
01/11/1981,0,0,0,0,0,0,0
01/12/1981,0,0,0,0,0,0,0
01/02/1982,0,0,0,0,0,0,0
01/03/1982,0,0,0,0,0,0,0
01/05/1982,0,0,0,0,0,0,0
01/06/1982,0,0,0,0,0,0,0
01/08/1982,0,0,0,0,0,0,0
01/09/1982,0,0,0,0,0,0,0
01/12/1982,0,0,0,0,0,0,0
01/02/1983,0,0,0,0,0,0,0
01/03/1983,0,0,0,0,0,0,0
01/05/1983,0,0,0,0,0,0,0
01/06/1983,0,0,0,0,0,0,0
01/08/1983,0,0,0,0,0,0,0
01/09/1983,0,0,0,0,0,0,0
01/10/1983,0,0,0,0,0,0,0
01/12/1983,0,0,0,0,0,0,0
01/02/1984,0,0,0,0,0,0,0
01/03/1984,0,0,0,0,0,0,0
01/05/1984,0,0,0,0,0,0,0
01/06/1984,0,0,0,0,0,0,0
01/08/1984,0,0,0,0,0,0,0
01/09/1984,0,0,0,0,0,0,0
01/11/1984,0,0,0,0,0,0,0
01/12/1984,0,0,0,0,0,0,0
01/02/1985,0,0,0,0,0,0,0
01/03/1985,0,0,0,0,0,0,0
01/05/1985,0,0,0,0,0,0,0
01/06/1985,0,0,0,0,0,0,0
01/08/1985,0,0,0,0,0,0,0
01/09/1985,0,0,0,0,0,0,0
01/11/1985,0,0,0,0,0,0,0
01/12/1985,0,0,0,0,0,0,0
01/02/1986,0,0,0,0,0,0,0
01/03/1986,0,0,0,0,0,0,0
01/05/1986,0,0,0,0,0,0,0
01/06/1986,0,0,0,0,0,0,0
01/08/1986,0,0,0,0,0,0,0
01/09/1986,0,0,0,0,0,0,0
01/11/1986,0,0,0,0,0,0,0
01/12/1986,0,0,0,0,0,0,0
01/02/1987,0,0,0,0,0,0,0
01/03/1987,0,0,0,0,0,0,0
01/05/1987,0,0,0,0,0,0,0
01/06/1987,0,0,0,0,0,0,0
01/08/1987,0,0,0,0,0,0,0
01/09/1987,0,0,0,0,0,0,0
01/11/1987,0,0,0,0,0,0,0
01/12/1987,0,0,0,0,0,0,0
01/03/1988,0,0,0,0,0,0,0
01/05/1988,0,0,0,0,0,0,0
01/06/1988,0,0,0,0,0,0,0
01/08/1988,0,0,0,0,0,0,0
01/09/1988,0,0,0,0,0,0,0
01/11/1988,0,0,0,0,0,0,0
01/12/1988,0,0,0,0,0,0,0
01/02/1989,0,0,0,0,0,0,0
01/03/1989,0,0,0,0,0,0,0
01/05/1989,0,0,0,0,0,0,0
01/06/1989,0,0,0,0,0,0,0
01/08/1989,0,0,0,0,0,0,0
01/09/1989,0,0,0,0,0,0,0
01/11/1989,0,0,0,0,0,0,0
01/12/1989,0,0,0,0,0,0,0
01/02/1990,0,0,0,0,0,0,0
01/03/1990,0,0,0,0,0,0,0
